CI,Africa/Abidjan
GH,Africa/Accra
DZ,Africa/Algiers
GW,Africa/Bissau
EG,Africa/Cairo
MA,Africa/Casablanca
ES,Africa/Ceuta
EH,Africa/El_Aaiun
ZA,Africa/Johannesburg
SS,Africa/Juba
SD,Africa/Khartoum
NG,Africa/Lagos
MZ,Africa/Maputo
LR,Africa/Monrovia
KE,Africa/Nairobi
TD,Africa/Ndjamena
ST,Africa/Sao_Tome
LY,Africa/Tripoli
TN,Africa/Tunis
NA,Africa/Windhoek
US,America/Adak
US,America/Anchorage
BR,America/Araguaina
AR,America/Argentina/Buenos_Aires
AR,America/Argentina/Catamarca
AR,America/Argentina/Cordoba
AR,America/Argentina/Jujuy
AR,America/Argentina/La_Rioja
AR,America/Argentina/Mendoza
AR,America/Argentina/Rio_Gallegos
AR,America/Argentina/Salta
AR,America/Argentina/San_Juan
AR,America/Argentina/San_Luis
AR,America/Argentina/Tucuman
AR,America/Argentina/Ushuaia
PY,America/Asuncion
CA,America/Atikokan
BR,America/Bahia
MX,America/Bahia_Banderas
BB,America/Barbados
BR,America/Belem
BZ,America/Belize
CA,America/Blanc-Sablon
BR,America/Boa_Vista
CO,America/Bogota
US,America/Boise
CA,America/Cambridge_Bay
BR,America/Campo_Grande
MX,America/Cancun
VE,America/Caracas
GF,America/Cayenne
US,America/Chicago
MX,America/Chihuahua
CR,America/Costa_Rica
CA,America/Creston
BR,America/Cuiaba
CW,America/Curacao
GL,America/Danmarkshavn
CA,America/Dawson
CA,America/Dawson_Creek
US,America/Denver
US,America/Detroit
CA,America/Edmonton
BR,America/Eirunepe
SV,America/El_Salvador
CA,America/Fort_Nelson
BR,America/Fortaleza
CA,America/Glace_Bay
CA,America/Goose_Bay
TC,America/Grand_Turk
GT,America/Guatemala
EC,America/Guayaquil
GY,America/Guyana
CA,America/Halifax
CU,America/Havana
MX,America/Hermosillo
US,America/Indiana/Indianapolis
US,America/Indiana/Knox
US,America/Indiana/Marengo
US,America/Indiana/Petersburg
US,America/Indiana/Tell_City
US,America/Indiana/Vevay
US,America/Indiana/Vincennes
US,America/Indiana/Winamac
CA,America/Inuvik
CA,America/Iqaluit
JM,America/Jamaica
US,America/Juneau
US,America/Kentucky/Louisville
US,America/Kentucky/Monticello
BO,America/La_Paz
PE,America/Lima
US,America/Los_Angeles
BR,America/Maceio
NI,America/Managua
BR,America/Manaus
MQ,America/Martinique
MX,America/Matamoros
MX,America/Mazatlan
US,America/Menominee
MX,America/Merida
US,America/Metlakatla
MX,America/Mexico_City
PM,America/Miquelon
CA,America/Moncton
MX,America/Monterrey
UY,America/Montevideo
BS,America/Nassau
US,America/New_York
CA,America/Nipigon
US,America/Nome
BR,America/Noronha
US,America/North_Dakota/Beulah
US,America/North_Dakota/Center
US,America/North_Dakota/New_Salem
GL,America/Nuuk
MX,America/Ojinaga
PA,America/Panama
CA,America/Pangnirtung
SR,America/Paramaribo
US,America/Phoenix
HT,America/Port-au-Prince
TT,America/Port_of_Spain
BR,America/Porto_Velho
PR,America/Puerto_Rico
CL,America/Punta_Arenas
CA,America/Rainy_River
CA,America/Rankin_Inlet
BR,America/Recife
CA,America/Regina
CA,America/Resolute
BR,America/Rio_Branco
BR,America/Santarem
CL,America/Santiago
DO,America/Santo_Domingo
BR,America/Sao_Paulo
GL,America/Scoresbysund
US,America/Sitka
CA,America/St_Johns
CA,America/Swift_Current
HN,America/Tegucigalpa
GL,America/Thule
CA,America/Thunder_Bay
MX,America/Tijuana
CA,America/Toronto
CA,America/Vancouver
CA,America/Whitehorse
CA,America/Winnipeg
US,America/Yakutat
CA,America/Yellowknife
AQ,Antarctica/Casey
AQ,Antarctica/Davis
AQ,Antarctica/DumontDUrville
AU,Antarctica/Macquarie
AQ,Antarctica/Mawson
AQ,Antarctica/Palmer
AQ,Antarctica/Rothera
AQ,Antarctica/Syowa
AQ,Antarctica/Troll
AQ,Antarctica/Vostok
KZ,Asia/Almaty
JO,Asia/Amman
RU,Asia/Anadyr
KZ,Asia/Aqtau
KZ,Asia/Aqtobe
TM,Asia/Ashgabat
KZ,Asia/Atyrau
IQ,Asia/Baghdad
AZ,Asia/Baku
TH,Asia/Bangkok
RU,Asia/Barnaul
LB,Asia/Beirut
KG,Asia/Bishkek
BN,Asia/Brunei
RU,Asia/Chita
MN,Asia/Choibalsan
LK,Asia/Colombo
SY,Asia/Damascus
BD,Asia/Dhaka
TL,Asia/Dili
AE,Asia/Dubai
TJ,Asia/Dushanbe
CY,Asia/Famagusta
PS,Asia/Gaza
PS,Asia/Hebron
VN,Asia/Ho_Chi_Minh
HK,Asia/Hong_Kong
MN,Asia/Hovd
RU,Asia/Irkutsk
ID,Asia/Jakarta
ID,Asia/Jayapura
IL,Asia/Jerusalem
AF,Asia/Kabul
RU,Asia/Kamchatka
PK,Asia/Karachi
NP,Asia/Kathmandu
RU,Asia/Khandyga
IN,Asia/Kolkata
RU,Asia/Krasnoyarsk
MY,Asia/Kuala_Lumpur
MY,Asia/Kuching
MO,Asia/Macau
RU,Asia/Magadan
ID,Asia/Makassar
PH,Asia/Manila
CY,Asia/Nicosia
RU,Asia/Novokuznetsk
RU,Asia/Novosibirsk
RU,Asia/Omsk
KZ,Asia/Oral
ID,Asia/Pontianak
KP,Asia/Pyongyang
QA,Asia/Qatar
KZ,Asia/Qostanay
KZ,Asia/Qyzylorda
SA,Asia/Riyadh
RU,Asia/Sakhalin
UZ,Asia/Samarkand
KR,Asia/Seoul
CN,Asia/Shanghai
SG,Asia/Singapore
RU,Asia/Srednekolymsk
TW,Asia/Taipei
UZ,Asia/Tashkent
GE,Asia/Tbilisi
IR,Asia/Tehran
BT,Asia/Thimphu
JP,Asia/Tokyo
RU,Asia/Tomsk
MN,Asia/Ulaanbaatar
CN,Asia/Urumqi
RU,Asia/Ust-Nera
RU,Asia/Vladivostok
RU,Asia/Yakutsk
MM,Asia/Yangon
RU,Asia/Yekaterinburg
AM,Asia/Yerevan
PT,Atlantic/Azores
BM,Atlantic/Bermuda
ES,Atlantic/Canary
CV,Atlantic/Cape_Verde
FO,Atlantic/Faroe
PT,Atlantic/Madeira
IS,Atlantic/Reykjavik
GS,Atlantic/South_Georgia
FK,Atlantic/Stanley
AU,Australia/Adelaide
AU,Australia/Brisbane
AU,Australia/Broken_Hill
AU,Australia/Darwin
AU,Australia/Eucla
AU,Australia/Hobart
AU,Australia/Lindeman
AU,Australia/Lord_Howe
AU,Australia/Melbourne
AU,Australia/Perth
AU,Australia/Sydney
NL,Europe/Amsterdam
AD,Europe/Andorra
RU,Europe/Astrakhan
GR,Europe/Athens
RS,Europe/Belgrade
DE,Europe/Berlin
BE,Europe/Brussels
RO,Europe/Bucharest
HU,Europe/Budapest
MD,Europe/Chisinau
DK,Europe/Copenhagen
IE,Europe/Dublin
GI,Europe/Gibraltar
FI,Europe/Helsinki
TR,Europe/Istanbul
RU,Europe/Kaliningrad
UA,Europe/Kiev
RU,Europe/Kirov
PT,Europe/Lisbon
GB,Europe/London
LU,Europe/Luxembourg
ES,Europe/Madrid
MT,Europe/Malta
BY,Europe/Minsk
MC,Europe/Monaco
RU,Europe/Moscow
NO,Europe/Oslo
FR,Europe/Paris
CZ,Europe/Prague
LV,Europe/Riga
IT,Europe/Rome
RU,Europe/Samara
RU,Europe/Saratov
UA,Europe/Simferopol
BG,Europe/Sofia
SE,Europe/Stockholm
EE,Europe/Tallinn
AL,Europe/Tirane
RU,Europe/Ulyanovsk
UA,Europe/Uzhgorod
AT,Europe/Vienna
LT,Europe/Vilnius
RU,Europe/Volgograd
PL,Europe/Warsaw
UA,Europe/Zaporozhye
CH,Europe/Zurich
IO,Indian/Chagos
CX,Indian/Christmas
CC,Indian/Cocos
TF,Indian/Kerguelen
SC,Indian/Mahe
MV,Indian/Maldives
MU,Indian/Mauritius
RE,Indian/Reunion
WS,Pacific/Apia
NZ,Pacific/Auckland
PG,Pacific/Bougainville
NZ,Pacific/Chatham
FM,Pacific/Chuuk
CL,Pacific/Easter
VU,Pacific/Efate
KI,Pacific/Enderbury
TK,Pacific/Fakaofo
FJ,Pacific/Fiji
TV,Pacific/Funafuti
EC,Pacific/Galapagos
PF,Pacific/Gambier
SB,Pacific/Guadalcanal
GU,Pacific/Guam
US,Pacific/Honolulu
KI,Pacific/Kiritimati
FM,Pacific/Kosrae
MH,Pacific/Kwajalein
MH,Pacific/Majuro
PF,Pacific/Marquesas
NR,Pacific/Nauru
NU,Pacific/Niue
NF,Pacific/Norfolk
NC,Pacific/Noumea
AS,Pacific/Pago_Pago
PW,Pacific/Palau
PN,Pacific/Pitcairn
FM,Pacific/Pohnpei
PG,Pacific/Port_Moresby
CK,Pacific/Rarotonga
PF,Pacific/Tahiti
KI,Pacific/Tarawa
TO,Pacific/Tongatapu
UM,Pacific/Wake
WF,Pacific/Wallis